{"cameraMode":{"drawMode":0,"name":"Shaded","section":"Shading Mode"},"sceneLighting":true,"audioPlay":false,"sceneViewState":{"m_AlwaysRefresh":false,"showFog":true,"showSkybox":true,"showFlares":true,"showImageEffects":true,"showParticleSystems":true,"showVisualEffectGraphs":true,"m_FxEnabled":true},"in2DMode":false,"pivot":{"x":-1.8161591291427613,"y":-2.6078078746795656,"z":6.228153228759766},"rotation":{"x":0.32956644892692568,"y":-0.20449642837047578,"z":0.07335133850574494,"w":0.9187974333763123},"size":10.436199188232422,"orthographic":false}